Ticker,Name,Weight,Shares,Price,Unnamed: 5,Unnamed: 6,Unnamed: 7,Unnamed: 8,Unnamed: 9,Unnamed: 10,Unnamed: 11,Unnamed: 12,Unnamed: 13,Unnamed: 14,Unnamed: 15,Unnamed: 16,Unnamed: 17
LYB UN Equity,LyondellBasell Industries NV,--,--,54.08,,,,,,,,,,,,,
AXP UN Equity,American Express Co,--,--,292.72,,,,,,,,,,,,,
VZ UN Equity,Verizon Communications Inc,--,--,42.94,,,,,,,,,,,,,
TPL UN Equity,Texas Pacific Land Corp,--,--,936.33,,,,,,,,,,,,,
AVGO UW Equity,Broadcom Inc,--,--,288.255,,,,,,,,,,,,,
BA UN Equity,Boeing Co/The,--,--,220.46,,,,,,,,,,,,,
SOLV UN Equity,Solventum Corp,--,--,72.07,,,,,,,,,,,,,
CAT UN Equity,Caterpillar Inc,--,--,427.16,,,,,,,,,,,,,
JPM UN Equity,JPMorgan Chase & Co,--,--,289.71,,,,,,,,,,,,,
CVX UN Equity,Chevron Corp,--,--,151.07,,,,,,Proportion of Nas,,,,,,,
KO UN Equity,Coca-Cola Co/The,--,--,69.005,,,,,,,Total Obs at 2010,2010.0,2013.0,2015.0,2018.0,2020.0,2022.0
ABBV UN Equity,AbbVie Inc,--,--,196.03,,,,,,mkt cap,748,0.3449197860962567,0.17798594847775176,0.13544018058690746,0.09347826086956522,0.05450733752620545,0.024439918533604887
DIS UN Equity,Walt Disney Co/The,--,--,116.17,,,,,,prices,776,0.2963917525773196,0.20623501199040767,0.15898617511520738,0.10792951541850221,0.06342494714587738,0.03497942386831276
CPAY UN Equity,Corpay Inc,--,--,313.37,,,,,,total_ret,774,0.2958656330749354,0.20552884615384615,0.1581986143187067,0.10828729281767956,0.06362672322375397,0.03508771929824561
EXR UN Equity,Extra Space Storage Inc,--,--,139.06,,,,,,BtM,768,0.3098958333333333,0.2179176755447942,0.17523364485981308,0.11777777777777777,0.07249466950959488,0.04791666666666667
XOM UN Equity,Exxon Mobil Corp,--,--,109.7,,,,,,EtP,752,0.3377659574468085,0.23891625615763548,0.18912529550827423,0.13800904977375567,0.08405172413793104,0.05230125523012552
PSX UN Equity,Phillips 66,--,--,119.48,,,,,,ESG,0,,,,0.09586056644880174,0.07249466950959488,0.012072434607645875
GE UN Equity,General Electric Co,--,--,268.58,,,,,,,,,,,,,
HPQ UN Equity,HP Inc,--,--,24.23,,,,,,,,,,,,,
HD UN Equity,Home Depot Inc/The,--,--,372.83,,,,,,,,,,,,,
MPWR UW Equity,Monolithic Power Systems Inc,--,--,785.05,,,,,,,,,,,,,
IBM UN Equity,International Business Machines Corp,--,--,246.9,,,,,,,,,,,,,
JNJ UN Equity,Johnson & Johnson,--,--,167.16,,,,,,,,,,,,,
LULU UW Equity,Lululemon Athletica Inc,--,--,193.515,,,,,,,,,,,,,
MCD UN Equity,McDonald's Corp,--,--,303.46,,,,,,,,,,,,,
MRK UN Equity,Merck & Co Inc,--,--,79.09,,,,,,,,,,,,,
MMM UN Equity,3M Co,--,--,144.83,,,,,,,,,,,,,
AWK UN Equity,American Water Works Co Inc,--,--,145.88,,,,,,,,,,,,,
BAC UN Equity,Bank of America Corp,--,--,45.62,,,,,,,,,,,,,
PFE UN Equity,Pfizer Inc,--,--,23.465,,,,,,,,,,,,,
PG UN Equity,Procter & Gamble Co/The,--,--,151.29,,,,,,,,,,,,,
T UN Equity,AT&T Inc,--,--,27.845,,,,,,,,,,,,,
TRV UN Equity,Travelers Cos Inc/The,--,--,258.45,,,,,,,,,,,,,
RTX UN Equity,RTX Corp,--,--,156.94,,,,,,,,,,,,,
ADI UW Equity,Analog Devices Inc,--,--,220.76,,,,,,,,,,,,,
WMT UN Equity,Walmart Inc,--,--,98.2,,,,,,,,,,,,,
CSCO UW Equity,Cisco Systems Inc,--,--,67.07,,,,,,,,,,,,,
INTC UW Equity,Intel Corp,--,--,19.235,,,,,,,,,,,,,
GM UN Equity,General Motors Co,--,--,52.39,,,,,,,,,,,,,
MSFT UW Equity,Microsoft Corp,--,--,523.67,,,,,,,,,,,,,
DG UN Equity,Dollar General Corp,--,--,108.28,,,,,,,,,,,,,
CI UN Equity,Cigna Group/The,--,--,258.18,,,,,,,,,,,,,
KMI UN Equity,Kinder Morgan Inc,--,--,28.075,,,,,,,,,,,,,
C UN Equity,Citigroup Inc,--,--,91.16,,,,,,,,,,,,,
AIG UN Equity,American International Group Inc,--,--,76.91,,,,,,,,,,,,,
MO UN Equity,Altria Group Inc,--,--,61.95,,,,,,,,,,,,,
HCA UN Equity,HCA Healthcare Inc,--,--,355.505,,,,,,,,,,,,,
IP UN Equity,International Paper Co,--,--,45.84,,,,,,,,,,,,,
HPE UN Equity,Hewlett Packard Enterprise Co,--,--,19.805,,,,,,,,,,,,,
ABT UN Equity,Abbott Laboratories,--,--,127.05,,,,,,,,,,,,,
AFL UN Equity,Aflac Inc,--,--,97.67,,,,,,,,,,,,,
APD UN Equity,Air Products and Chemicals Inc,--,--,281.79,,,,,,,,,,,,,
SMCI UW Equity,Super Micro Computer Inc,--,--,56.01,,,,,,,,,,,,,
RCL UN Equity,Royal Caribbean Cruises Ltd,--,--,312.085,,,,,,,,,,,,,
LII UN Equity,Lennox International Inc,--,--,600.82,,,,,,,,,,,,,
ADM UN Equity,Archer-Daniels-Midland Co,--,--,53.83,,,,,,,,,,,,,
ADP UW Equity,Automatic Data Processing Inc,--,--,302.25,,,,,,,,,,,,,
VRSK UW Equity,Verisk Analytics Inc,--,--,274.2,,,,,,,,,,,,,
AZO UN Equity,AutoZone Inc,--,--,3833.8301,,,,,,,,,,,,,
LIN UW Equity,Linde PLC,--,--,457.86,,,,,,,,,,,,,
AVY UN Equity,Avery Dennison Corp,--,--,165.59,,,,,,,,,,,,,
ENPH UQ Equity,Enphase Energy Inc,--,--,31.55,,,,,,,,,,,,,
MSCI UN Equity,MSCI Inc,--,--,554.95,,,,,,,,,,,,,
BALL UN Equity,Ball Corp,--,--,56.92,,,,,,,,,,,,,
AXON UW Equity,Axon Enterprise Inc,--,--,734.94,,,,,,,,,,,,,
DAY UN Equity,Dayforce Inc,--,--,55.05,,,,,,,,,,,,,
CARR UN Equity,Carrier Global Corp,--,--,67.05,,,,,,,,,,,,,
BK UN Equity,Bank of New York Mellon Corp/The,--,--,99.7,,,,,,,,,,,,,
OTIS UN Equity,Otis Worldwide Corp,--,--,84.76,,,,,,,,,,,,,
BAX UN Equity,Baxter International Inc,--,--,21.97,,,,,,,,,,,,,
BDX UN Equity,Becton Dickinson & Co,--,--,175.405,,,,,,,,,,,,,
BRK/B UN Equity,Berkshire Hathaway Inc,--,--,473.92,,,,,,,,,,,,,
BBY UN Equity,Best Buy Co Inc,--,--,63.64,,,,,,,,,,,,,
BSX UN Equity,Boston Scientific Corp,--,--,105.31,,,,,,,,,,,,,
BMY UN Equity,Bristol-Myers Squibb Co,--,--,44.27,,,,,,,,,,,,,
BF/B UN Equity,Brown-Forman Corp,--,--,28.74,,,,,,,,,,,,,
CTRA UN Equity,Coterra Energy Inc,--,--,23.71,,,,,,,,,,,,,
HLT UN Equity,Hilton Worldwide Holdings Inc,--,--,261.27,,,,,,,,,,,,,
CCL UN Equity,Carnival Corp,--,--,28.88,,,,,,,,,,,,,
BLDR UN Equity,Builders FirstSource Inc,--,--,131.17,,,,,,,,,,,,,
UDR UN Equity,UDR Inc,--,--,38.58,,,,,,,,,,,,,
CLX UN Equity,Clorox Co/The,--,--,123.76,,,,,,,,,,,,,
PAYC UN Equity,Paycom Software Inc,--,--,227.88,,,,,,,,,,,,,
CMS UN Equity,CMS Energy Corp,--,--,74.24,,,,,,,,,,,,,
CL UN Equity,Colgate-Palmolive Co,--,--,83.27,,,,,,,,,,,,,
EPAM UN Equity,EPAM Systems Inc,--,--,151.49,,,,,,,,,,,,,
CAG UN Equity,Conagra Brands Inc,--,--,18.515,,,,,,,,,,,,,
ABNB UW Equity,Airbnb Inc,--,--,127.61,,,,,,,,,,,,,
ED UN Equity,Consolidated Edison Inc,--,--,104.57,,,,,,,,,,,,,
GLW UN Equity,Corning Inc,--,--,61.96,,,,,,,,,,,,,
GDDY UN Equity,GoDaddy Inc,--,--,157.48,,,,,,,,,,,,,
CMI UN Equity,Cummins Inc,--,--,355.74,,,,,,,,,,,,,
CZR UW Equity,Caesars Entertainment Inc,--,--,25.75,,,,,,,,,,,,,
DHR UN Equity,Danaher Corp,--,--,195.54,,,,,,,,,,,,,
TGT UN Equity,Target Corp,--,--,99.24,,,,,,,,,,,,,
WSM UN Equity,Williams-Sonoma Inc,--,--,187.22,,,,,,,,,,,,,
DE UN Equity,Deere & Co,--,--,502.44,,,,,,,,,,,,,
D UN Equity,Dominion Energy Inc,--,--,60.17,,,,,,,,,,,,,
TTD UQ Equity,Trade Desk Inc/The,--,--,84.91,,,,,,,,,,,,,
DOV UN Equity,Dover Corp,--,--,175.01,,,,,,,,,,,,,
LNT UW Equity,Alliant Energy Corp,--,--,65.37,,,,,,,,,,,,,
STLD UW Equity,Steel Dynamics Inc,--,--,122.365,,,,,,,,,,,,,
DUK UN Equity,Duke Energy Corp,--,--,123.26,,,,,,,,,,,,,
REG UW Equity,Regency Centers Corp,--,--,70.73,,,,,,,,,,,,,
ETN UN Equity,Eaton Corp PLC,--,--,379.6,,,,,,,,,,,,,
ECL UN Equity,Ecolab Inc,--,--,260.765,,,,,,,,,,,,,
RVTY UN Equity,Revvity Inc,--,--,87.49,,,,,,,,,,,,,
DELL UN Equity,Dell Technologies Inc,--,--,126.55,,,,,,,,,,,,,
EMR UN Equity,Emerson Electric Co,--,--,141.33,,,,,,,,,,,,,
EOG UN Equity,EOG Resources Inc,--,--,116.24,,,,,,,,,,,,,
AON UN Equity,Aon PLC,--,--,353.35,,,,,,,,,,,,,
ETR UN Equity,Entergy Corp,--,--,89.84,,,,,,,,,,,,,
EFX UN Equity,Equifax Inc,--,--,239.79,,,,,,,,,,,,,
EQT UN Equity,EQT Corp,--,--,52.42,,,,,,,,,,,,,
IQV UN Equity,IQVIA Holdings Inc,--,--,182.86,,,,,,,,,,,,,
IT UN Equity,Gartner Inc,--,--,328.96,,,,,,,,,,,,,
FDX UN Equity,FedEx Corp,--,--,217.17,,,,,,,,,,,,,
BRO UN Equity,Brown & Brown Inc,--,--,92.11,,,,,,,,,,,,,
F UN Equity,Ford Motor Co,--,--,10.755,,,,,,,,,,,,,
NEE UN Equity,NextEra Energy Inc,--,--,70.68,,,,,,,,,,,,,
BEN UN Equity,Franklin Resources Inc,--,--,23.84,,,,,,,,,,,,,
GRMN UN Equity,Garmin Ltd,--,--,215.74,,,,,,,,,,,,,
FCX UN Equity,Freeport-McMoRan Inc,--,--,39.77,,,,,,,,,,,,,
EXE UW Equity,Expand Energy Corp,--,--,102.41,,,,,,,,,,,,,
DXCM UW Equity,Dexcom Inc,--,--,80.0,,,,,,,,,,,,,
GD UN Equity,General Dynamics Corp,--,--,310.16,,,,,,,,,,,,,
GIS UN Equity,General Mills Inc,--,--,48.98,,,,,,,,,,,,,
GPC UN Equity,Genuine Parts Co,--,--,127.6,,,,,,,,,,,,,
ATO UN Equity,Atmos Energy Corp,--,--,156.17,,,,,,,,,,,,,
GWW UN Equity,WW Grainger Inc,--,--,925.69,,,,,,,,,,,,,
HAL UN Equity,Halliburton Co,--,--,21.52,,,,,,,,,,,,,
LHX UN Equity,L3Harris Technologies Inc,--,--,277.05,,,,,,,,,,,,,
DOC UN Equity,Healthpeak Properties Inc,--,--,16.98,,,,,,,,,,,,,
PODD UW Equity,Insulet Corp,--,--,285.18,,,,,,,,,,,,,
FTV UN Equity,Fortive Corp,--,--,46.69,,,,,,,,,,,,,
HSY UN Equity,Hershey Co/The,--,--,189.68,,,,,,,,,,,,,
SYF UN Equity,Synchrony Financial,--,--,67.41,,,,,,,,,,,,,
HRL UN Equity,Hormel Foods Corp,--,--,28.07,,,,,,,,,,,,,
AJG UN Equity,Arthur J Gallagher & Co,--,--,282.91,,,,,,,,,,,,,
MDLZ UW Equity,Mondelez International Inc,--,--,64.355,,,,,,,,,,,,,
CNP UN Equity,CenterPoint Energy Inc,--,--,38.94,,,,,,,,,,,,,
HUM UN Equity,Humana Inc,--,--,246.15,,,,,,,,,,,,,
WTW UW Equity,Willis Towers Watson PLC,--,--,314.85,,,,,,,,,,,,,
ITW UN Equity,Illinois Tool Works Inc,--,--,251.62,,,,,,,,,,,,,
CDW UW Equity,CDW Corp/DE,--,--,168.66,,,,,,,,,,,,,
TT UN Equity,Trane Technologies PLC,--,--,435.06,,,,,,,,,,,,,
IPG UN Equity,Interpublic Group of Cos Inc/The,--,--,24.24,,,,,,,,,,,,,
IFF UN Equity,International Flavors & Fragrances Inc,--,--,69.74,,,,,,,,,,,,,
GNRC UN Equity,Generac Holdings Inc,--,--,192.75,,,,,,,,,,,,,
NXPI UW Equity,NXP Semiconductors NV,--,--,208.61,,,,,,,,,,,,,
K UN Equity,Kellanova,--,--,79.92,,,,,,,,,,,,,
BR UN Equity,Broadridge Financial Solutions Inc,--,--,244.88,,,,,,,,,,,,,
KIM UN Equity,Kimco Realty Corp,--,--,20.82,,,,,,,,,,,,,
ORCL UN Equity,Oracle Corp,--,--,244.96,,,,,,,,,,,,,
KR UN Equity,Kroger Co/The,--,--,71.11,,,,,,,,,,,,,
LEN UN Equity,Lennar Corp,--,--,115.75,,,,,,,,,,,,,
LLY UN Equity,Eli Lilly & Co,--,--,759.14,,,,,,,,,,,,,
CHTR UW Equity,Charter Communications Inc,--,--,265.77,,,,,,,,,,,,,
L UN Equity,Loews Corp,--,--,90.13,,,,,,,,,,,,,
LOW UN Equity,Lowe's Cos Inc,--,--,226.26,,,,,,,,,,,,,
HUBB UN Equity,Hubbell Inc,--,--,422.03,,,,,,,,,,,,,
IEX UN Equity,IDEX Corp,--,--,159.07,,,,,,,,,,,,,
MMC UN Equity,Marsh & McLennan Cos Inc,--,--,198.35,,,,,,,,,,,,,
MAS UN Equity,Masco Corp,--,--,68.37,,,,,,,,,,,,,
SPGI UN Equity,S&P Global Inc,--,--,544.29,,,,,,,,,,,,,
MDT UN Equity,Medtronic PLC,--,--,89.24,,,,,,,,,,,,,
VTRS UW Equity,Viatris Inc,--,--,8.825,,,,,,,,,,,,,
CVS UN Equity,CVS Health Corp,--,--,61.46,,,,,,,,,,,,,
DD UN Equity,DuPont de Nemours Inc,--,--,69.47,,,,,,,,,,,,,
MU UW Equity,Micron Technology Inc,--,--,104.77,,,,,,,,,,,,,
MSI UN Equity,Motorola Solutions Inc,--,--,434.84,,,,,,,,,,,,,
CBOE UF Equity,Cboe Global Markets Inc,--,--,245.96,,,,,,,,,,,,,
NEM UN Equity,Newmont Corp,--,--,62.28,,,,,,,,,,,,,
NKE UN Equity,NIKE Inc,--,--,74.2,,,,,,,,,,,,,
NI UN Equity,NiSource Inc,--,--,42.57,,,,,,,,,,,,,
NSC UN Equity,Norfolk Southern Corp,--,--,275.61,,,,,,,,,,,,,
PFG UW Equity,Principal Financial Group Inc,--,--,75.55,,,,,,,,,,,,,
ES UN Equity,Eversource Energy,--,--,65.55,,,,,,,,,,,,,
NOC UN Equity,Northrop Grumman Corp,--,--,585.85,,,,,,,,,,,,,
WFC UN Equity,Wells Fargo & Co,--,--,77.91,,,,,,,,,,,,,
NUE UN Equity,Nucor Corp,--,--,138.57,,,,,,,,,,,,,
OXY UN Equity,Occidental Petroleum Corp,--,--,43.34,,,,,,,,,,,,,
OMC UN Equity,Omnicom Group Inc,--,--,71.04,,,,,,,,,,,,,
OKE UN Equity,ONEOK Inc,--,--,79.44,,,,,,,,,,,,,
RJF UN Equity,Raymond James Financial Inc,--,--,162.21,,,,,,,,,,,,,
PCG UN Equity,PG&E Corp,--,--,13.985,,,,,,,,,,,,,
PH UN Equity,Parker-Hannifin Corp,--,--,708.3,,,,,,,,,,,,,
ROL UN Equity,Rollins Inc,--,--,57.59,,,,,,,,,,,,,
PPL UN Equity,PPL Corp,--,--,35.76,,,,,,,,,,,,,
APTV UN Equity,Aptiv PLC,--,--,66.16,,,,,,,,,,,,,
COP UN Equity,ConocoPhillips,--,--,92.91,,,,,,,,,,,,,
PHM UN Equity,PulteGroup Inc,--,--,116.66,,,,,,,,,,,,,
PNW UN Equity,Pinnacle West Capital Corp,--,--,90.73,,,,,,,,,,,,,
PNC UN Equity,PNC Financial Services Group Inc/The,--,--,185.65,,,,,,,,,,,,,
PPG UN Equity,PPG Industries Inc,--,--,104.16,,,,,,,,,,,,,
DASH UW Equity,DoorDash Inc,--,--,247.21,,,,,,,,,,,,,
PGR UN Equity,Progressive Corp/The,--,--,241.71,,,,,,,,,,,,,
VLTO UN Equity,Veralto Corp,--,--,103.97,,,,,,,,,,,,,
PEG UN Equity,Public Service Enterprise Group Inc,--,--,89.34,,,,,,,,,,,,,
COO UW Equity,Cooper Cos Inc/The,--,--,70.78,,,,,,,,,,,,,
EIX UN Equity,Edison International,--,--,52.73,,,,,,,,,,,,,
SLB UN Equity,Schlumberger NV,--,--,33.07,,,,,,,,,,,,,
SCHW UN Equity,Charles Schwab Corp/The,--,--,95.56,,,,,,,,,,,,,
SHW UN Equity,Sherwin-Williams Co/The,--,--,343.89,,,,,,,,,,,,,
WST UN Equity,West Pharmaceutical Services Inc,--,--,240.08,,,,,,,,,,,,,
SJM UN Equity,J M Smucker Co/The,--,--,108.325,,,,,,,,,,,,,
SNA UN Equity,Snap-on Inc,--,--,316.03,,,,,,,,,,,,,
AME UN Equity,AMETEK Inc,--,--,181.09,,,,,,,,,,,,,
UBER UN Equity,Uber Technologies Inc,--,--,86.39,,,,,,,,,,,,,
SO UN Equity,Southern Co/The,--,--,95.34,,,,,,,,,,,,,
TFC UN Equity,Truist Financial Corp,--,--,42.88,,,,,,,,,,,,,
LUV UN Equity,Southwest Airlines Co,--,--,29.8,,,,,,,,,,,,,
WRB UN Equity,W R Berkley Corp,--,--,69.25,,,,,,,,,,,,,
SWK UN Equity,Stanley Black & Decker Inc,--,--,66.9,,,,,,,,,,,,,
PSA UN Equity,Public Storage,--,--,278.26,,,,,,,,,,,,,
ANET UN Equity,Arista Networks Inc,--,--,116.05,,,,,,,,,,,,,
SYY UN Equity,Sysco Corp,--,--,79.72,,,,,,,,,,,,,
CTVA UN Equity,Corteva Inc,--,--,70.83,,,,,,,,,,,,,
TXN UW Equity,Texas Instruments Inc,--,--,180.23,,,,,,,,,,,,,
TXT UN Equity,Textron Inc,--,--,77.07,,,,,,,,,,,,,
TMO UN Equity,Thermo Fisher Scientific Inc,--,--,461.31,,,,,,,,,,,,,
TJX UN Equity,TJX Cos Inc/The,--,--,125.67,,,,,,,,,,,,,
GL UN Equity,Globe Life Inc,--,--,137.5,,,,,,,,,,,,,
JCI UN Equity,Johnson Controls International plc,--,--,106.31,,,,,,,,,,,,,
ULTA UW Equity,Ulta Beauty Inc,--,--,507.49,,,,,,,,,,,,,
UNP UN Equity,Union Pacific Corp,--,--,219.44,,,,,,,,,,,,,
KEYS UN Equity,Keysight Technologies Inc,--,--,158.45,,,,,,,,,,,,,
UNH UN Equity,UnitedHealth Group Inc,--,--,237.86,,,,,,,,,,,,,
BX UN Equity,Blackstone Inc,--,--,169.72,,,,,,,,,,,,,
VTR UN Equity,Ventas Inc,--,--,67.39,,,,,,,,,,,,,
LH UN Equity,Labcorp Holdings Inc,--,--,260.86,,,,,,,,,,,,,
VMC UN Equity,Vulcan Materials Co,--,--,273.03,,,,,,,,,,,,,
WY UN Equity,Weyerhaeuser Co,--,--,25.07,,,,,,,,,,,,,
WMB UN Equity,Williams Cos Inc/The,--,--,60.515,,,,,,,,,,,,,
CEG UW Equity,Constellation Energy Corp,--,--,339.19,,,,,,,,,,,,,
WEC UN Equity,WEC Energy Group Inc,--,--,110.57,,,,,,,,,,,,,
ADBE UW Equity,Adobe Inc,--,--,350.01,,,,,,,,,,,,,
VST UN Equity,Vistra Corp,--,--,208.88,,,,,,,,,,,,,
AES UN Equity,AES Corp/The,--,--,13.15,,,,,,,,,,,,,
EXPD UN Equity,Expeditors International of Washington Inc,--,--,114.365,,,,,,,,,,,,,
AMGN UW Equity,Amgen Inc,--,--,296.75,,,,,,,,,,,,,
AAPL UW Equity,Apple Inc,--,--,202.39,,,,,,,,,,,,,
ADSK UW Equity,Autodesk Inc,--,--,295.96,,,,,,,,,,,,,
CTAS UW Equity,Cintas Corp,--,--,221.04,,,,,,,,,,,,,
CMCSA UW Equity,Comcast Corp,--,--,32.625,,,,,,,,,,,,,
TAP UN Equity,Molson Coors Beverage Co,--,--,48.39,,,,,,,,,,,,,
KLAC UW Equity,KLA Corp,--,--,883.11,,,,,,,,,,,,,
MAR UW Equity,Marriott International Inc/MD,--,--,255.94,,,,,,,,,,,,,
FI UN Equity,Fiserv Inc,--,--,135.55,,,,,,,,,,,,,
MKC UN Equity,McCormick & Co Inc/MD,--,--,70.29,,,,,,,,,,,,,
PCAR UW Equity,PACCAR Inc,--,--,96.54,,,,,,,,,,,,,
COST UW Equity,Costco Wholesale Corp,--,--,952.48,,,,,,,,,,,,,
SYK UN Equity,Stryker Corp,--,--,375.92,,,,,,,,,,,,,
TSN UN Equity,Tyson Foods Inc,--,--,52.16,,,,,,,,,,,,,
LW UN Equity,Lamb Weston Holdings Inc,--,--,56.14,,,,,,,,,,,,,
AMAT UW Equity,Applied Materials Inc,--,--,179.245,,,,,,,,,,,,,
CAH UN Equity,Cardinal Health Inc,--,--,156.27,,,,,,,,,,,,,
CINF UW Equity,Cincinnati Financial Corp,--,--,145.92,,,,,,,,,,,,,
PARA UW Equity,Paramount Global,--,--,13.045,,,,,,,,,,,,,
DHI UN Equity,DR Horton Inc,--,--,149.36,,,,,,,,,,,,,
EA UW Equity,Electronic Arts Inc,--,--,156.09,,,,,,,,,,,,,
ERIE UW Equity,Erie Indemnity Co,--,--,350.41,,,,,,,,,,,,,
FICO UN Equity,Fair Isaac Corp,--,--,1360.6,,,,,,,,,,,,,
FAST UW Equity,Fastenal Co,--,--,45.23,,,,,,,,,,,,,
MTB UN Equity,M&T Bank Corp,--,--,185.32,,,,,,,,,,,,,
XEL UW Equity,Xcel Energy Inc,--,--,73.61,,,,,,,,,,,,,
FITB UW Equity,Fifth Third Bancorp,--,--,41.055,,,,,,,,,,,,,
GILD UW Equity,Gilead Sciences Inc,--,--,113.15,,,,,,,,,,,,,
HAS UW Equity,Hasbro Inc,--,--,74.41,,,,,,,,,,,,,
HBAN UW Equity,Huntington Bancshares Inc/OH,--,--,16.055,,,,,,,,,,,,,
WELL UN Equity,Welltower Inc,--,--,166.32,,,,,,,,,,,,,
BIIB UW Equity,Biogen Inc,--,--,129.5,,,,,,,,,,,,,
NTRS UW Equity,Northern Trust Corp,--,--,126.99,,,,,,,,,,,,,
PKG UN Equity,Packaging Corp of America,--,--,191.13,,,,,,,,,,,,,
PAYX UW Equity,Paychex Inc,--,--,140.26,,,,,,,,,,,,,
QCOM UW Equity,QUALCOMM Inc,--,--,147.21,,,,,,,,,,,,,
ROST UW Equity,Ross Stores Inc,--,--,136.8,,,,,,,,,,,,,
IDXX UW Equity,IDEXX Laboratories Inc,--,--,534.11,,,,,,,,,,,,,
SBUX UW Equity,Starbucks Corp,--,--,85.78,,,,,,,,,,,,,
KEY UN Equity,KeyCorp,--,--,17.64,,,,,,,,,,,,,
FOXA UW Equity,Fox Corp,--,--,55.02,,,,,,,,,,,,,
FOX UW Equity,Fox Corp,--,--,50.36,,,,,,,,,,,,,
STT UN Equity,State Street Corp,--,--,108.46,,,,,,,,,,,,,
NCLH UN Equity,Norwegian Cruise Line Holdings Ltd,--,--,24.365,,,,,,,,,,,,,
USB UN Equity,US Bancorp,--,--,43.96,,,,,,,,,,,,,
AOS UN Equity,A O Smith Corp,--,--,70.21,,,,,,,,,,,,,
GEN UW Equity,Gen Digital Inc,--,--,28.97,,,,,,,,,,,,,
TROW UW Equity,T Rowe Price Group Inc,--,--,102.41,,,,,,,,,,,,,
WM UN Equity,Waste Management Inc,--,--,228.82,,,,,,,,,,,,,
STZ UN Equity,Constellation Brands Inc,--,--,166.27,,,,,,,,,,,,,
IVZ UN Equity,Invesco Ltd,--,--,20.59,,,,,,,,,,,,,
INTU UW Equity,Intuit Inc,--,--,774.41,,,,,,,,,,,,,
MS UN Equity,Morgan Stanley,--,--,138.285,,,,,,,,,,,,,
MCHP UW Equity,Microchip Technology Inc,--,--,65.71,,,,,,,,,,,,,
CRWD UW Equity,Crowdstrike Holdings Inc,--,--,446.98,,,,,,,,,,,,,
CB UN Equity,Chubb Ltd,--,--,267.67,,,,,,,,,,,,,
HOLX UW Equity,Hologic Inc,--,--,66.8,,,,,,,,,,,,,
CFG UN Equity,Citizens Financial Group Inc,--,--,46.75,,,,,,,,,,,,,
JBL UN Equity,Jabil Inc,--,--,219.23,,,,,,,,,,,,,
ORLY UW Equity,O'Reilly Automotive Inc,--,--,98.51,,,,,,,,,,,,,
ALL UN Equity,Allstate Corp/The,--,--,199.97,,,,,,,,,,,,,
EQR UN Equity,Equity Residential,--,--,62.73,,,,,,,,,,,,,
KDP UW Equity,Keurig Dr Pepper Inc,--,--,33.395,,,,,,,,,,,,,
HST UW Equity,Host Hotels & Resorts Inc,--,--,15.57,,,,,,,,,,,,,
INCY UW Equity,Incyte Corp,--,--,75.3,,,,,,,,,,,,,
SPG UN Equity,Simon Property Group Inc,--,--,160.84,,,,,,,,,,,,,
EMN UN Equity,Eastman Chemical Co,--,--,57.43,,,,,,,,,,,,,
AVB UN Equity,AvalonBay Communities Inc,--,--,186.0,,,,,,,,,,,,,
PRU UN Equity,Prudential Financial Inc,--,--,100.44,,,,,,,,,,,,,
UPS UN Equity,United Parcel Service Inc,--,--,84.88,,,,,,,,,,,,,
WBA UW Equity,Walgreens Boots Alliance Inc,--,--,11.645,,,,,,,,,,,,,
STE UN Equity,STERIS PLC,--,--,227.17,,,,,,,,,,,,,
MCK UN Equity,McKesson Corp,--,--,696.53,,,,,,,,,,,,,
LMT UN Equity,Lockheed Martin Corp,--,--,422.61,,,,,,,,,,,,,
COR UN Equity,Cencora Inc,--,--,288.95,,,,,,,,,,,,,
COF UN Equity,Capital One Financial Corp,--,--,207.65,,,,,,,,,,,,,
CPB UW Equity,The Campbell's Company,--,--,32.2,,,,,,,,,,,,,
WAT UN Equity,Waters Corp,--,--,288.01,,,,,,,,,,,,,
NDSN UW Equity,Nordson Corp,--,--,208.74,,,,,,,,,,,,,
DLTR UW Equity,Dollar Tree Inc,--,--,113.59,,,,,,,,,,,,,
DRI UN Equity,Darden Restaurants Inc,--,--,202.74,,,,,,,,,,,,,
EVRG UW Equity,Evergy Inc,--,--,71.42,,,,,,,,,,,,,
MTCH UW Equity,Match Group Inc,--,--,33.86,,,,,,,,,,,,,
NVR UN Equity,NVR Inc,--,--,7715.5,,,,,,,,,,,,,
NTAP UW Equity,NetApp Inc,--,--,101.19,,,,,,,,,,,,,
ODFL UW Equity,Old Dominion Freight Line Inc,--,--,143.1,,,,,,,,,,,,,
DVA UN Equity,DaVita Inc,--,--,137.035,,,,,,,,,,,,,
HIG UN Equity,Hartford Insurance Group Inc/The,--,--,123.32,,,,,,,,,,,,,
IRM UN Equity,Iron Mountain Inc,--,--,94.19,,,,,,,,,,,,,
EL UN Equity,Estee Lauder Cos Inc/The,--,--,90.32,,,,,,,,,,,,,
CDNS UW Equity,Cadence Design Systems Inc,--,--,355.85,,,,,,,,,,,,,
TYL UN Equity,Tyler Technologies Inc,--,--,581.75,,,,,,,,,,,,,
UHS UN Equity,Universal Health Services Inc,--,--,164.07,,,,,,,,,,,,,
SWKS UW Equity,Skyworks Solutions Inc,--,--,67.53,,,,,,,,,,,,,
DGX UN Equity,Quest Diagnostics Inc,--,--,170.89,,,,,,,,,,,,,
ROK UN Equity,Rockwell Automation Inc,--,--,341.9,,,,,,,,,,,,,
KHC UW Equity,Kraft Heinz Co/The,--,--,27.315,,,,,,,,,,,,,
AMT UN Equity,American Tower Corp,--,--,212.3,,,,,,,,,,,,,
REGN UW Equity,Regeneron Pharmaceuticals Inc,--,--,547.0,,,,,,,,,,,,,
AMZN UW Equity,Amazon.com Inc,--,--,213.88,,,,,,,,,,,,,
JKHY UW Equity,Jack Henry & Associates Inc,--,--,167.77,,,,,,,,,,,,,
RL UN Equity,Ralph Lauren Corp,--,--,292.73,,,,,,,,,,,,,
BXP UN Equity,BXP Inc,--,--,64.67,,,,,,,,,,,,,
APH UN Equity,Amphenol Corp,--,--,104.67,,,,,,,,,,,,,
HWM UN Equity,Howmet Aerospace Inc,--,--,184.34,,,,,,,,,,,,,
VLO UN Equity,Valero Energy Corp,--,--,132.97,,,,,,,,,,,,,
SNPS UW Equity,Synopsys Inc,--,--,617.82,,,,,,,,,,,,,
CHRW UW Equity,CH Robinson Worldwide Inc,--,--,113.4,,,,,,,,,,,,,
ACN UN Equity,Accenture PLC,--,--,256.78,,,,,,,,,,,,,
TDG UN Equity,TransDigm Group Inc,--,--,1576.5601,,,,,,,,,,,,,
YUM UN Equity,Yum! Brands Inc,--,--,145.52,,,,,,,,,,,,,
PLD UN Equity,Prologis Inc,--,--,105.26,,,,,,,,,,,,,
FE UN Equity,FirstEnergy Corp,--,--,43.21,,,,,,,,,,,,,
VRSN UW Equity,VeriSign Inc,--,--,264.93,,,,,,,,,,,,,
PWR UN Equity,Quanta Services Inc,--,--,395.03,,,,,,,,,,,,,
HSIC UW Equity,Henry Schein Inc,--,--,67.99,,,,,,,,,,,,,
AEE UN Equity,Ameren Corp,--,--,102.56,,,,,,,,,,,,,
FDS UN Equity,FactSet Research Systems Inc,--,--,389.52,,,,,,,,,,,,,
NVDA UW Equity,NVIDIA Corp,--,--,173.04,,,,,,,,,,,,,
CTSH UW Equity,Cognizant Technology Solutions Corp,--,--,70.4,,,,,,,,,,,,,
ISRG UW Equity,Intuitive Surgical Inc,--,--,481.03,,,,,,,,,,,,,
TTWO UW Equity,Take-Two Interactive Software Inc,--,--,220.64,,,,,,,,,,,,,
RSG UN Equity,Republic Services Inc,--,--,231.46,,,,,,,,,,,,,
EBAY UW Equity,eBay Inc,--,--,91.82,,,,,,,,,,,,,
GS UN Equity,Goldman Sachs Group Inc/The,--,--,708.61,,,,,,,,,,,,,
SBAC UW Equity,SBA Communications Corp,--,--,227.69,,,,,,,,,,,,,
SRE UN Equity,Sempra,--,--,81.43,,,,,,,,,,,,,
MCO UN Equity,Moody's Corp,--,--,498.82,,,,,,,,,,,,,
ON UW Equity,ON Semiconductor Corp,--,--,56.73,,,,,,,,,,,,,
BKNG UW Equity,Booking Holdings Inc,--,--,5349.4399,,,,,,,,,,,,,
FFIV UW Equity,F5 Inc,--,--,306.14,,,,,,,,,,,,,
AKAM UW Equity,Akamai Technologies Inc,--,--,74.68,,,,,,,,,,,,,
CRL UN Equity,Charles River Laboratories International Inc,--,--,165.69,,,,,,,,,,,,,
MKTX UW Equity,MarketAxess Holdings Inc,--,--,206.14,,,,,,,,,,,,,
DVN UN Equity,Devon Energy Corp,--,--,32.09,,,,,,,,,,,,,
TECH UW Equity,Bio-Techne Corp,--,--,54.435,,,,,,,,,,,,,
GOOGL UW Equity,Alphabet Inc,--,--,188.92,,,,,,,,,,,,,
ALLE UN Equity,Allegion plc,--,--,165.16,,,,,,,,,,,,,
NFLX UW Equity,Netflix Inc,--,--,1156.8199,,,,,,,,,,,,,
WBD UW Equity,Warner Bros Discovery Inc,--,--,12.87,,,,,,,,,,,,,
A UN Equity,Agilent Technologies Inc,--,--,113.25,,,,,,,,,,,,,
TRMB UW Equity,Trimble Inc,--,--,81.8,,,,,,,,,,,,,
ELV UN Equity,Elevance Health Inc,--,--,276.82,,,,,,,,,,,,,
CME UW Equity,CME Group Inc,--,--,280.64,,,,,,,,,,,,,
DTE UN Equity,DTE Energy Co,--,--,138.98,,,,,,,,,,,,,
NDAQ UW Equity,Nasdaq Inc,--,--,94.84,,,,,,,,,,,,,
PM UN Equity,Philip Morris International Inc,--,--,164.64,,,,,,,,,,,,,
CRM UN Equity,Salesforce Inc,--,--,250.69,,,,,,,,,,,,,
IR UN Equity,Ingersoll Rand Inc,--,--,75.22,,,,,,,,,,,,,
HII UN Equity,Huntington Ingalls Industries Inc,--,--,270.48,,,,,,,,,,,,,
ROP UW Equity,Roper Technologies Inc,--,--,542.09,,,,,,,,,,,,,
MET UN Equity,MetLife Inc,--,--,73.54,,,,,,,,,,,,,
TPR UN Equity,Tapestry Inc,--,--,105.14,,,,,,,,,,,,,
CSX UW Equity,CSX Corp,--,--,35.185,,,,,,,,,,,,,
EW UN Equity,Edwards Lifesciences Corp,--,--,79.3,,,,,,,,,,,,,
AMP UN Equity,Ameriprise Financial Inc,--,--,503.75,,,,,,,,,,,,,
ZBRA UW Equity,Zebra Technologies Corp,--,--,332.45,,,,,,,,,,,,,
ZBH UN Equity,Zimmer Biomet Holdings Inc,--,--,90.46,,,,,,,,,,,,,
CBRE UN Equity,CBRE Group Inc,--,--,153.59,,,,,,,,,,,,,
CPT UN Equity,Camden Property Trust,--,--,107.52,,,,,,,,,,,,,
MA UN Equity,Mastercard Inc,--,--,557.45,,,,,,,,,,,,,
DDOG UW Equity,Datadog Inc,--,--,134.805,,,,,,,,,,,,,
KMX UN Equity,CarMax Inc,--,--,55.84,,,,,,,,,,,,,
ICE UN Equity,Intercontinental Exchange Inc,--,--,183.47,,,,,,,,,,,,,
SW UN Equity,Smurfit WestRock PLC,--,--,43.86,,,,,,,,,,,,,
FIS UN Equity,Fidelity National Information Services Inc,--,--,78.41,,,,,,,,,,,,,
CMG UN Equity,Chipotle Mexican Grill Inc,--,--,42.555,,,,,,,,,,,,,
WYNN UW Equity,Wynn Resorts Ltd,--,--,107.03,,,,,,,,,,,,,
LYV UN Equity,Live Nation Entertainment Inc,--,--,145.66,,,,,,,,,,,,,
AIZ UN Equity,Assurant Inc,--,--,186.53,,,,,,,,,,,,,
NRG UN Equity,NRG Energy Inc,--,--,166.77,,,,,,,,,,,,,
RF UN Equity,Regions Financial Corp,--,--,24.85,,,,,,,,,,,,,
MNST UW Equity,Monster Beverage Corp,--,--,59.28,,,,,,,,,,,,,
MOS UN Equity,Mosaic Co/The,--,--,35.2,,,,,,,,,,,,,
BKR UW Equity,Baker Hughes Co,--,--,43.7,,,,,,,,,,,,,
EXPE UW Equity,Expedia Group Inc,--,--,176.3,,,,,,,,,,,,,
KMB UW Equity,Kimberly-Clark Corp,--,--,130.34,,,,,,,,,,,,,
CF UN Equity,CF Industries Holdings Inc,--,--,91.29,,,,,,,,,,,,,
LDOS UN Equity,Leidos Holdings Inc,--,--,159.77,,,,,,,,,,,,,
APA UW Equity,APA Corp,--,--,18.32,,,,,,,,,,,,,
TKO UN Equity,TKO Group Holdings Inc,--,--,165.53,,,,,,,,,,,,,
GOOG UW Equity,Alphabet Inc,--,--,189.89,,,,,,,,,,,,,
FSLR UW Equity,First Solar Inc,--,--,183.77,,,,,,,,,,,,,
V UN Equity,Visa Inc,--,--,338.91,,,,,,,,,,,,,
MAA UN Equity,Mid-America Apartment Communities Inc,--,--,140.895,,,,,,,,,,,,,
XYL UN Equity,Xylem Inc/NY,--,--,141.67,,,,,,,,,,,,,
MPC UN Equity,Marathon Petroleum Corp,--,--,165.31,,,,,,,,,,,,,
AMD UW Equity,Advanced Micro Devices Inc,--,--,171.35,,,,,,,,,,,,,
TSCO UW Equity,Tractor Supply Co,--,--,57.08,,,,,,,,,,,,,
RMD UN Equity,ResMed Inc,--,--,277.695,,,,,,,,,,,,,
MTD UN Equity,Mettler-Toledo International Inc,--,--,1173.61,,,,,,,,,,,,,
J UN Equity,Jacobs Solutions Inc,--,--,139.155,,,,,,,,,,,,,
CPRT UW Equity,Copart Inc,--,--,45.53,,,,,,,,,,,,,
VICI UN Equity,VICI Properties Inc,--,--,33.15,,,,,,,,,,,,,
FTNT UW Equity,Fortinet Inc,--,--,97.24,,,,,,,,,,,,,
ALB UN Equity,Albemarle Corp,--,--,68.33,,,,,,,,,,,,,
MRNA UW Equity,Moderna Inc,--,--,27.2,,,,,,,,,,,,,
ESS UN Equity,Essex Property Trust Inc,--,--,257.75,,,,,,,,,,,,,
CSGP UW Equity,CoStar Group Inc,--,--,94.04,,,,,,,,,,,,,
O UN Equity,Realty Income Corp,--,--,56.37,,,,,,,,,,,,,
PLTR UW Equity,Palantir Technologies Inc,--,--,155.63,,,,,,,,,,,,,
WAB UN Equity,Westinghouse Air Brake Technologies Corp,--,--,186.29,,,,,,,,,,,,,
POOL UW Equity,Pool Corp,--,--,309.71,,,,,,,,,,,,,
WDC UW Equity,Western Digital Corp,--,--,75.87,,,,,,,,,,,,,
PEP UW Equity,PepsiCo Inc,--,--,139.63,,,,,,,,,,,,,
TEL UN Equity,TE Connectivity PLC,--,--,201.28,,,,,,,,,,,,,
FANG UW Equity,Diamondback Energy Inc,--,--,146.69,,,,,,,,,,,,,
PANW UW Equity,Palo Alto Networks Inc,--,--,173.8,,,,,,,,,,,,,
NOW UN Equity,ServiceNow Inc,--,--,913.68,,,,,,,,,,,,,
CHD UN Equity,Church & Dwight Co Inc,--,--,93.83,,,,,,,,,,,,,
FRT UN Equity,Federal Realty Investment Trust,--,--,90.58,,,,,,,,,,,,,
MGM UN Equity,MGM Resorts International,--,--,35.93,,,,,,,,,,,,,
AEP UW Equity,American Electric Power Co Inc,--,--,113.53,,,,,,,,,,,,,
INVH UN Equity,Invitation Homes Inc,--,--,30.22,,,,,,,,,,,,,
PTC UW Equity,PTC Inc,--,--,211.32,,,,,,,,,,,,,
JBHT UW Equity,JB Hunt Transport Services Inc,--,--,139.87,,,,,,,,,,,,,
LRCX UW Equity,Lam Research Corp,--,--,95.63,,,,,,,,,,,,,
MHK UN Equity,Mohawk Industries Inc,--,--,115.9,,,,,,,,,,,,,
PNR UN Equity,Pentair PLC,--,--,100.48,,,,,,,,,,,,,
GEHC UW Equity,GE HealthCare Technologies Inc,--,--,69.96,,,,,,,,,,,,,
VRTX UW Equity,Vertex Pharmaceuticals Inc,--,--,461.63,,,,,,,,,,,,,
AMCR UN Equity,Amcor PLC,--,--,9.28,,,,,,,,,,,,,
META UW Equity,Meta Platforms Inc,--,--,748.91,,,,,,,,,,,,,
TMUS UW Equity,T-Mobile US Inc,--,--,237.99,,,,,,,,,,,,,
URI UN Equity,United Rentals Inc,--,--,855.49,,,,,,,,,,,,,
HON UW Equity,Honeywell International Inc,--,--,218.09,,,,,,,,,,,,,
ARE UN Equity,Alexandria Real Estate Equities Inc,--,--,76.16,,,,,,,,,,,,,
DAL UN Equity,Delta Air Lines Inc,--,--,50.945,,,,,,,,,,,,,
STX UW Equity,Seagate Technology Holdings PLC,--,--,153.37,,,,,,,,,,,,,
UAL UW Equity,United Airlines Holdings Inc,--,--,84.665,,,,,,,,,,,,,
NWS UW Equity,News Corp,--,--,33.26,,,,,,,,,,,,,
CNC UN Equity,Centene Corp,--,--,25.96,,,,,,,,,,,,,
XYZ UN Equity,Block Inc,--,--,73.9,,,,,,,,,,,,,
MLM UN Equity,Martin Marietta Materials Inc,--,--,574.64,,,,,,,,,,,,,
APO UN Equity,Apollo Global Management Inc,--,--,137.18,,,,,,,,,,,,,
TER UW Equity,Teradyne Inc,--,--,102.98,,,,,,,,,,,,,
PYPL UW Equity,PayPal Holdings Inc,--,--,66.72,,,,,,,,,,,,,
TSLA UW Equity,Tesla Inc,--,--,304.3,,,,,,,,,,,,,
BLK UN Equity,Blackrock Inc,--,--,1089.025,,,,,,,,,,,,,
ACGL UW Equity,Arch Capital Group Ltd,--,--,87.52,,,,,,,,,,,,,
KKR UN Equity,KKR & Co Inc,--,--,140.88,,,,,,,,,,,,,
DOW UN Equity,Dow Inc,--,--,22.12,,,,,,,,,,,,,
EG UN Equity,Everest Group Ltd,--,--,330.37,,,,,,,,,,,,,
TDY UN Equity,Teledyne Technologies Inc,--,--,542.04,,,,,,,,,,,,,
GEV UN Equity,GE Vernova Inc,--,--,652.86,,,,,,,,,,,,,
DPZ UW Equity,Domino's Pizza Inc,--,--,464.85,,,,,,,,,,,,,
NWSA UW Equity,News Corp,--,--,29.02,,,,,,,,,,,,,
EXC UW Equity,Exelon Corp,--,--,44.77,,,,,,,,,,,,,
GPN UN Equity,Global Payments Inc,--,--,77.89,,,,,,,,,,,,,
CCI UN Equity,Crown Castle Inc,--,--,106.75,,,,,,,,,,,,,
ALGN UW Equity,Align Technology Inc,--,--,135.8,,,,,,,,,,,,,
KVUE UN Equity,Kenvue Inc,--,--,21.545,,,,,,,,,,,,,
TRGP UN Equity,Targa Resources Corp,--,--,163.32,,,,,,,,,,,,,
BG UN Equity,Bunge Global SA,--,--,78.1,,,,,,,,,,,,,
DECK UN Equity,Deckers Outdoor Corp,--,--,102.83,,,,,,,,,,,,,
LKQ UW Equity,LKQ Corp,--,--,29.63,,,,,,,,,,,,,
WDAY UW Equity,Workday Inc,--,--,225.38,,,,,,,,,,,,,
ZTS UN Equity,Zoetis Inc,--,--,146.96,,,,,,,,,,,,,
COIN UW Equity,Coinbase Global Inc,--,--,315.74,,,,,,,,,,,,,
DLR UN Equity,Digital Realty Trust Inc,--,--,171.84,,,,,,,,,,,,,
EQIX UW Equity,Equinix Inc,--,--,769.97,,,,,,,,,,,,,
LVS UN Equity,Las Vegas Sands Corp,--,--,52.3,,,,,,,,,,,,,
MOH UN Equity,Molina Healthcare Inc,--,--,155.79,,,,,,,,,,,,,
